,symboling,normalized-losses,make,fuel-type,aspiration,num-of-doors,body-style,drive-wheels,engine-location,wheel-base,length,width,height,curb-weight,engine-type,num-of-cylinders,engine-size,fuel-system,bore,stroke,compression-ratio,horsepower,peak-rpm,city-mpg,highway-mpg,price,highway-L/100km,city-L/100km,normalized-height,normalized-width,normalized-length,horsepower-binned,price-binned
0,3,122.0,alfa-romero,gas,std,two,convertible,rwd,front,88.6,168.8,64.1,48.8,2548,dohc,four,130,mpfi,3.47,2.68,9.0,111.0,5000.0,21,27,16500.0,8.703703703703704,11.19047619047619,0.8160535117056856,0.8902777777777777,0.8111484863046613,Low,Low
1,1,122.0,alfa-romero,gas,std,two,hatchback,rwd,front,94.5,171.2,65.5,52.4,2823,ohcv,six,152,mpfi,2.68,3.47,9.0,154.0,5000.0,19,26,16500.0,9.038461538461538,12.368421052631579,0.8762541806020067,0.9097222222222222,0.8226814031715521,Medium,Low
2,2,164.0,audi,gas,std,four,sedan,fwd,front,99.8,176.6,66.2,54.3,2337,ohc,four,109,mpfi,3.19,3.4,10.0,102.0,5500.0,24,30,13950.0,7.833333333333333,9.791666666666666,0.9080267558528428,0.9194444444444445,0.8486304661220567,Low,Low
3,2,164.0,audi,gas,std,four,sedan,4wd,front,99.4,176.6,66.4,54.3,2824,ohc,five,136,mpfi,3.19,3.4,8.0,115.0,5500.0,18,22,17450.0,10.681818181818182,13.055555555555555,0.9080267558528428,0.9222222222222223,0.8486304661220567,Low,Low
4,2,122.0,audi,gas,std,two,sedan,fwd,front,99.8,177.3,66.3,53.1,2507,ohc,five,136,mpfi,3.19,3.4,8.5,110.0,5500.0,19,25,15250.0,9.4,12.368421052631579,0.8879598662207359,0.9208333333333333,0.8519942335415667,Low,Low
5,1,158.0,audi,gas,std,four,sedan,fwd,front,105.8,192.7,71.4,55.7,2844,ohc,five,136,mpfi,3.19,3.4,8.5,110.0,5500.0,19,25,17710.0,9.4,12.368421052631579,0.931438127090301,0.9916666666666667,0.9259971167707832,Low,Low
6,1,122.0,audi,gas,std,four,wagon,fwd,front,105.8,192.7,71.4,55.7,2954,ohc,five,136,mpfi,3.19,3.4,8.5,110.0,5500.0,19,25,18920.0,9.4,12.368421052631579,0.931438127090301,0.9916666666666667,0.9259971167707832,Low,Medium
7,1,158.0,audi,gas,turbo,four,sedan,fwd,front,105.8,192.7,71.4,55.9,3086,ohc,five,131,mpfi,3.13,3.4,8.3,140.0,5500.0,17,20,23875.0,11.75,13.823529411764707,0.9347826086956522,0.9916666666666667,0.9259971167707832,Medium,Medium
8,2,192.0,bmw,gas,std,two,sedan,rwd,front,101.2,176.8,64.8,54.3,2395,ohc,four,108,mpfi,3.5,2.8,8.8,101.0,5800.0,23,29,16430.0,8.10344827586207,10.217391304347826,0.9080267558528428,0.8999999999999999,0.849591542527631,Low,Low
9,0,192.0,bmw,gas,std,four,sedan,rwd,front,101.2,176.8,64.8,54.3,2395,ohc,four,108,mpfi,3.5,2.8,8.8,101.0,5800.0,23,29,16925.0,8.10344827586207,10.217391304347826,0.9080267558528428,0.8999999999999999,0.849591542527631,Low,Low
10,0,188.0,bmw,gas,std,two,sedan,rwd,front,101.2,176.8,64.8,54.3,2710,ohc,six,164,mpfi,3.31,3.19,9.0,121.0,4250.0,21,28,20970.0,8.392857142857142,11.19047619047619,0.9080267558528428,0.8999999999999999,0.849591542527631,Medium,Medium
11,0,188.0,bmw,gas,std,four,sedan,rwd,front,101.2,176.8,64.8,54.3,2765,ohc,six,164,mpfi,3.31,3.19,9.0,121.0,4250.0,21,28,21105.0,8.392857142857142,11.19047619047619,0.9080267558528428,0.8999999999999999,0.849591542527631,Medium,Medium
12,1,122.0,bmw,gas,std,four,sedan,rwd,front,103.5,189.0,66.9,55.7,3055,ohc,six,164,mpfi,3.31,3.19,9.0,121.0,4250.0,20,25,24565.0,9.4,11.75,0.931438127090301,0.9291666666666667,0.9082172032676598,Medium,Medium
13,0,122.0,bmw,gas,std,four,sedan,rwd,front,103.5,189.0,66.9,55.7,3230,ohc,six,209,mpfi,3.62,3.39,8.0,182.0,5400.0,16,22,30760.0,10.681818181818182,14.6875,0.931438127090301,0.9291666666666667,0.9082172032676598,Medium,Medium
14,0,122.0,bmw,gas,std,two,sedan,rwd,front,103.5,193.8,67.9,53.7,3380,ohc,six,209,mpfi,3.62,3.39,8.0,182.0,5400.0,16,22,41315.0,10.681818181818182,14.6875,0.8979933110367894,0.9430555555555556,0.9312830370014417,Medium,High
15,0,122.0,bmw,gas,std,four,sedan,rwd,front,110.0,197.0,70.9,56.3,3505,ohc,six,209,mpfi,3.62,3.39,8.0,182.0,5400.0,15,20,36880.0,11.75,15.666666666666666,0.9414715719063546,0.9847222222222223,0.9466602594906295,Medium,High
16,2,121.0,chevrolet,gas,std,two,hatchback,fwd,front,88.4,141.1,60.3,53.2,1488,l,three,61,2bbl,2.91,3.03,9.5,48.0,5100.0,47,53,5151.0,4.433962264150943,5.0,0.8896321070234114,0.8374999999999999,0.6780394041326285,Low,Low
17,1,98.0,chevrolet,gas,std,two,hatchback,fwd,front,94.5,155.9,63.6,52.0,1874,ohc,four,90,2bbl,3.03,3.11,9.6,70.0,5400.0,38,43,6295.0,5.465116279069767,6.184210526315789,0.8695652173913044,0.8833333333333333,0.7491590581451226,Low,Low
18,0,81.0,chevrolet,gas,std,four,sedan,fwd,front,94.5,158.8,63.6,52.0,1909,ohc,four,90,2bbl,3.03,3.11,9.6,70.0,5400.0,38,43,6575.0,5.465116279069767,6.184210526315789,0.8695652173913044,0.8833333333333333,0.7630946660259491,Low,Low
19,1,118.0,dodge,gas,std,two,hatchback,fwd,front,93.7,157.3,63.8,50.8,1876,ohc,four,90,2bbl,2.97,3.23,9.41,68.0,5500.0,37,41,5572.0,5.7317073170731705,6.351351351351352,0.8494983277591973,0.8861111111111111,0.7558865929841423,Low,Low
20,1,118.0,dodge,gas,std,two,hatchback,fwd,front,93.7,157.3,63.8,50.8,1876,ohc,four,90,2bbl,2.97,3.23,9.4,68.0,5500.0,31,38,6377.0,6.184210526315789,7.580645161290323,0.8494983277591973,0.8861111111111111,0.7558865929841423,Low,Low
21,1,118.0,dodge,gas,turbo,two,hatchback,fwd,front,93.7,157.3,63.8,50.8,2128,ohc,four,98,mpfi,3.03,3.39,7.6,102.0,5500.0,24,30,7957.0,7.833333333333333,9.791666666666666,0.8494983277591973,0.8861111111111111,0.7558865929841423,Low,Low
22,1,148.0,dodge,gas,std,four,hatchback,fwd,front,93.7,157.3,63.8,50.6,1967,ohc,four,90,2bbl,2.97,3.23,9.4,68.0,5500.0,31,38,6229.0,6.184210526315789,7.580645161290323,0.8461538461538463,0.8861111111111111,0.7558865929841423,Low,Low
23,1,148.0,dodge,gas,std,four,sedan,fwd,front,93.7,157.3,63.8,50.6,1989,ohc,four,90,2bbl,2.97,3.23,9.4,68.0,5500.0,31,38,6692.0,6.184210526315789,7.580645161290323,0.8461538461538463,0.8861111111111111,0.7558865929841423,Low,Low
24,1,148.0,dodge,gas,std,four,sedan,fwd,front,93.7,157.3,63.8,50.6,1989,ohc,four,90,2bbl,2.97,3.23,9.4,68.0,5500.0,31,38,7609.0,6.184210526315789,7.580645161290323,0.8461538461538463,0.8861111111111111,0.7558865929841423,Low,Low
25,1,148.0,dodge,gas,turbo,four,sedan,fwd,front,93.7,157.3,63.8,50.6,2191,ohc,four,98,mpfi,3.03,3.39,7.6,102.0,5500.0,24,30,8558.0,7.833333333333333,9.791666666666666,0.8461538461538463,0.8861111111111111,0.7558865929841423,Low,Low
26,-1,110.0,dodge,gas,std,four,wagon,fwd,front,103.3,174.6,64.6,59.8,2535,ohc,four,122,2bbl,3.34,3.46,8.5,88.0,5000.0,24,30,8921.0,7.833333333333333,9.791666666666666,1.0,0.8972222222222221,0.8390197020663143,Low,Low
27,3,145.0,dodge,gas,turbo,two,hatchback,fwd,front,95.9,173.2,66.3,50.2,2811,ohc,four,156,mfi,3.6,3.9,7.0,145.0,5000.0,19,24,12964.0,9.791666666666666,12.368421052631579,0.8394648829431439,0.9208333333333333,0.8322921672272945,Medium,Low
28,2,137.0,honda,gas,std,two,hatchback,fwd,front,86.6,144.6,63.9,50.8,1713,ohc,four,92,1bbl,2.91,3.41,9.6,58.0,4800.0,49,54,6479.0,4.351851851851852,4.795918367346939,0.8494983277591973,0.8875,0.6948582412301778,Low,Low
29,2,137.0,honda,gas,std,two,hatchback,fwd,front,86.6,144.6,63.9,50.8,1819,ohc,four,92,1bbl,2.91,3.41,9.2,76.0,6000.0,31,38,6855.0,6.184210526315789,7.580645161290323,0.8494983277591973,0.8875,0.6948582412301778,Low,Low
30,1,101.0,honda,gas,std,two,hatchback,fwd,front,93.7,150.0,64.0,52.6,1837,ohc,four,79,1bbl,2.91,3.07,10.1,60.0,5500.0,38,42,5399.0,5.595238095238095,6.184210526315789,0.8795986622073579,0.8888888888888888,0.7208073041806824,Low,Low
31,1,101.0,honda,gas,std,two,hatchback,fwd,front,93.7,150.0,64.0,52.6,1940,ohc,four,92,1bbl,2.91,3.41,9.2,76.0,6000.0,30,34,6529.0,6.911764705882353,7.833333333333333,0.8795986622073579,0.8888888888888888,0.7208073041806824,Low,Low
32,1,101.0,honda,gas,std,two,hatchback,fwd,front,93.7,150.0,64.0,52.6,1956,ohc,four,92,1bbl,2.91,3.41,9.2,76.0,6000.0,30,34,7129.0,6.911764705882353,7.833333333333333,0.8795986622073579,0.8888888888888888,0.7208073041806824,Low,Low
33,0,110.0,honda,gas,std,four,sedan,fwd,front,96.5,163.4,64.0,54.5,2010,ohc,four,92,1bbl,2.91,3.41,9.2,76.0,6000.0,30,34,7295.0,6.911764705882353,7.833333333333333,0.911371237458194,0.8888888888888888,0.7851994233541567,Low,Low
34,0,78.0,honda,gas,std,four,wagon,fwd,front,96.5,157.1,63.9,58.3,2024,ohc,four,92,1bbl,2.92,3.41,9.2,76.0,6000.0,30,34,7295.0,6.911764705882353,7.833333333333333,0.9749163879598662,0.8875,0.754925516578568,Low,Low
35,0,106.0,honda,gas,std,two,hatchback,fwd,front,96.5,167.5,65.2,53.3,2236,ohc,four,110,1bbl,3.15,3.58,9.0,86.0,5800.0,27,33,7895.0,7.121212121212121,8.703703703703704,0.8913043478260869,0.9055555555555556,0.8049014896684287,Low,Low
36,0,106.0,honda,gas,std,two,hatchback,fwd,front,96.5,167.5,65.2,53.3,2289,ohc,four,110,1bbl,3.15,3.58,9.0,86.0,5800.0,27,33,9095.0,7.121212121212121,8.703703703703704,0.8913043478260869,0.9055555555555556,0.8049014896684287,Low,Low
37,0,85.0,honda,gas,std,four,sedan,fwd,front,96.5,175.4,65.2,54.1,2304,ohc,four,110,1bbl,3.15,3.58,9.0,86.0,5800.0,27,33,8845.0,7.121212121212121,8.703703703703704,0.9046822742474917,0.9055555555555556,0.8428640076886112,Low,Low
38,0,85.0,honda,gas,std,four,sedan,fwd,front,96.5,175.4,62.5,54.1,2372,ohc,four,110,1bbl,3.15,3.58,9.0,86.0,5800.0,27,33,10295.0,7.121212121212121,8.703703703703704,0.9046822742474917,0.8680555555555556,0.8428640076886112,Low,Low
39,0,85.0,honda,gas,std,four,sedan,fwd,front,96.5,175.4,65.2,54.1,2465,ohc,four,110,mpfi,3.15,3.58,9.0,101.0,5800.0,24,28,12945.0,8.392857142857142,9.791666666666666,0.9046822742474917,0.9055555555555556,0.8428640076886112,Low,Low
40,1,107.0,honda,gas,std,two,sedan,fwd,front,96.5,169.1,66.0,51.0,2293,ohc,four,110,2bbl,3.15,3.58,9.1,100.0,5500.0,25,31,10345.0,7.580645161290323,9.4,0.8528428093645485,0.9166666666666666,0.8125901009130225,Low,Low
41,0,122.0,isuzu,gas,std,four,sedan,rwd,front,94.3,170.7,61.8,53.5,2337,ohc,four,111,2bbl,3.31,3.23,8.5,78.0,4800.0,24,29,6785.0,8.10344827586207,9.791666666666666,0.8946488294314382,0.8583333333333333,0.8202787121576165,Low,Low
42,2,122.0,isuzu,gas,std,two,hatchback,rwd,front,96.0,172.6,65.2,51.4,2734,ohc,four,119,spfi,3.43,3.23,9.2,90.0,5000.0,24,29,11048.0,8.10344827586207,9.791666666666666,0.8595317725752508,0.9055555555555556,0.8294089380105718,Low,Low
43,0,145.0,jaguar,gas,std,four,sedan,rwd,front,113.0,199.6,69.6,52.8,4066,dohc,six,258,mpfi,3.63,4.17,8.1,176.0,4750.0,15,19,32250.0,12.368421052631579,15.666666666666666,0.882943143812709,0.9666666666666666,0.9591542527630946,Medium,High
44,0,122.0,jaguar,gas,std,four,sedan,rwd,front,113.0,199.6,69.6,52.8,4066,dohc,six,258,mpfi,3.63,4.17,8.1,176.0,4750.0,15,19,35550.0,12.368421052631579,15.666666666666666,0.882943143812709,0.9666666666666666,0.9591542527630946,Medium,High
45,0,122.0,jaguar,gas,std,two,sedan,rwd,front,102.0,191.7,70.6,47.8,3950,ohcv,twelve,326,mpfi,3.54,2.76,11.5,262.0,5000.0,13,17,36000.0,13.823529411764707,18.076923076923077,0.7993311036789298,0.9805555555555555,0.921191734742912,High,High
46,1,104.0,mazda,gas,std,two,hatchback,fwd,front,93.1,159.1,64.2,54.1,1890,ohc,four,91,2bbl,3.03,3.15,9.0,68.0,5000.0,30,31,5195.0,7.580645161290323,7.833333333333333,0.9046822742474917,0.8916666666666667,0.7645362806343105,Low,Low
47,1,104.0,mazda,gas,std,two,hatchback,fwd,front,93.1,159.1,64.2,54.1,1900,ohc,four,91,2bbl,3.03,3.15,9.0,68.0,5000.0,31,38,6095.0,6.184210526315789,7.580645161290323,0.9046822742474917,0.8916666666666667,0.7645362806343105,Low,Low
48,1,104.0,mazda,gas,std,two,hatchback,fwd,front,93.1,159.1,64.2,54.1,1905,ohc,four,91,2bbl,3.03,3.15,9.0,68.0,5000.0,31,38,6795.0,6.184210526315789,7.580645161290323,0.9046822742474917,0.8916666666666667,0.7645362806343105,Low,Low
49,1,113.0,mazda,gas,std,four,sedan,fwd,front,93.1,166.8,64.2,54.1,1945,ohc,four,91,2bbl,3.03,3.15,9.0,68.0,5000.0,31,38,6695.0,6.184210526315789,7.580645161290323,0.9046822742474917,0.8916666666666667,0.8015377222489188,Low,Low
50,1,113.0,mazda,gas,std,four,sedan,fwd,front,93.1,166.8,64.2,54.1,1950,ohc,four,91,2bbl,3.08,3.15,9.0,68.0,5000.0,31,38,7395.0,6.184210526315789,7.580645161290323,0.9046822742474917,0.8916666666666667,0.8015377222489188,Low,Low
51,3,150.0,mazda,gas,std,two,hatchback,rwd,front,95.3,169.0,65.7,49.6,2380,rotor,two,70,4bbl,3.3300000000000005,3.2598469387755036,9.4,101.0,6000.0,17,23,10945.0,10.217391304347826,13.823529411764707,0.8294314381270904,0.9125000000000001,0.8121095627102355,Low,Low
52,3,150.0,mazda,gas,std,two,hatchback,rwd,front,95.3,169.0,65.7,49.6,2380,rotor,two,70,4bbl,3.3300000000000005,3.2598469387755036,9.4,101.0,6000.0,17,23,11845.0,10.217391304347826,13.823529411764707,0.8294314381270904,0.9125000000000001,0.8121095627102355,Low,Low
53,3,150.0,mazda,gas,std,two,hatchback,rwd,front,95.3,169.0,65.7,49.6,2385,rotor,two,70,4bbl,3.3300000000000005,3.2598469387755036,9.4,101.0,6000.0,17,23,13645.0,10.217391304347826,13.823529411764707,0.8294314381270904,0.9125000000000001,0.8121095627102355,Low,Low
54,3,150.0,mazda,gas,std,two,hatchback,rwd,front,95.3,169.0,65.7,49.6,2500,rotor,two,80,mpfi,3.3300000000000005,3.2598469387755036,9.4,135.0,6000.0,16,23,15645.0,10.217391304347826,14.6875,0.8294314381270904,0.9125000000000001,0.8121095627102355,Medium,Low
55,1,129.0,mazda,gas,std,two,hatchback,fwd,front,98.8,177.8,66.5,53.7,2385,ohc,four,122,2bbl,3.39,3.39,8.6,84.0,4800.0,26,32,8845.0,7.34375,9.038461538461538,0.8979933110367894,0.9236111111111112,0.8543969245555022,Low,Low
56,0,115.0,mazda,gas,std,four,sedan,fwd,front,98.8,177.8,66.5,55.5,2410,ohc,four,122,2bbl,3.39,3.39,8.6,84.0,4800.0,26,32,8495.0,7.34375,9.038461538461538,0.9280936454849499,0.9236111111111112,0.8543969245555022,Low,Low
57,1,129.0,mazda,gas,std,two,hatchback,fwd,front,98.8,177.8,66.5,53.7,2385,ohc,four,122,2bbl,3.39,3.39,8.6,84.0,4800.0,26,32,10595.0,7.34375,9.038461538461538,0.8979933110367894,0.9236111111111112,0.8543969245555022,Low,Low
58,0,115.0,mazda,gas,std,four,sedan,fwd,front,98.8,177.8,66.5,55.5,2410,ohc,four,122,2bbl,3.39,3.39,8.6,84.0,4800.0,26,32,10245.0,7.34375,9.038461538461538,0.9280936454849499,0.9236111111111112,0.8543969245555022,Low,Low
59,0,122.0,mazda,diesel,std,four,sedan,fwd,front,98.8,177.8,66.5,55.5,2443,ohc,four,122,idi,3.39,3.39,22.7,64.0,4650.0,36,42,10795.0,5.595238095238095,6.527777777777778,0.9280936454849499,0.9236111111111112,0.8543969245555022,Low,Low
60,0,115.0,mazda,gas,std,four,hatchback,fwd,front,98.8,177.8,66.5,55.5,2425,ohc,four,122,2bbl,3.39,3.39,8.6,84.0,4800.0,26,32,11245.0,7.34375,9.038461538461538,0.9280936454849499,0.9236111111111112,0.8543969245555022,Low,Low
61,0,118.0,mazda,gas,std,four,sedan,rwd,front,104.9,175.0,66.1,54.4,2670,ohc,four,140,mpfi,3.76,3.16,8.0,120.0,5000.0,19,27,18280.0,8.703703703703704,12.368421052631579,0.9096989966555185,0.9180555555555555,0.8409418548774628,Medium,Low
62,0,122.0,mazda,diesel,std,four,sedan,rwd,front,104.9,175.0,66.1,54.4,2700,ohc,four,134,idi,3.43,3.64,22.0,72.0,4200.0,31,39,18344.0,6.0256410256410255,7.580645161290323,0.9096989966555185,0.9180555555555555,0.8409418548774628,Low,Low
63,-1,93.0,mercedes-benz,diesel,turbo,four,sedan,rwd,front,110.0,190.9,70.3,56.5,3515,ohc,five,183,idi,3.58,3.64,21.5,123.0,4350.0,22,25,25552.0,9.4,10.681818181818182,0.9448160535117057,0.9763888888888889,0.9173474291206152,Medium,Medium
64,-1,93.0,mercedes-benz,diesel,turbo,four,wagon,rwd,front,110.0,190.9,70.3,58.7,3750,ohc,five,183,idi,3.58,3.64,21.5,123.0,4350.0,22,25,28248.0,9.4,10.681818181818182,0.9816053511705687,0.9763888888888889,0.9173474291206152,Medium,Medium
65,0,93.0,mercedes-benz,diesel,turbo,two,hardtop,rwd,front,106.7,187.5,70.3,54.9,3495,ohc,five,183,idi,3.58,3.64,21.5,123.0,4350.0,22,25,28176.0,9.4,10.681818181818182,0.9180602006688964,0.9763888888888889,0.9010091302258529,Medium,Medium
66,-1,93.0,mercedes-benz,diesel,turbo,four,sedan,rwd,front,115.6,202.6,71.7,56.3,3770,ohc,five,183,idi,3.58,3.64,21.5,123.0,4350.0,22,25,31600.0,9.4,10.681818181818182,0.9414715719063546,0.9958333333333333,0.9735703988467083,Medium,Medium
67,-1,122.0,mercedes-benz,gas,std,four,sedan,rwd,front,115.6,202.6,71.7,56.5,3740,ohcv,eight,234,mpfi,3.46,3.1,8.3,155.0,4750.0,16,18,34184.0,13.055555555555555,14.6875,0.9448160535117057,0.9958333333333333,0.9735703988467083,Medium,High
68,3,142.0,mercedes-benz,gas,std,two,convertible,rwd,front,96.6,180.3,70.5,50.8,3685,ohcv,eight,234,mpfi,3.46,3.1,8.3,155.0,4750.0,16,18,35056.0,13.055555555555555,14.6875,0.8494983277591973,0.9791666666666666,0.8664103796251803,Medium,High
69,0,122.0,mercedes-benz,gas,std,four,sedan,rwd,front,120.9,208.1,71.7,56.7,3900,ohcv,eight,308,mpfi,3.8,3.35,8.0,184.0,4500.0,14,16,40960.0,14.6875,16.785714285714285,0.948160535117057,0.9958333333333333,1.0,Medium,High
70,1,122.0,mercedes-benz,gas,std,two,hardtop,rwd,front,112.0,199.2,72.0,55.4,3715,ohcv,eight,304,mpfi,3.8,3.35,8.0,184.0,4500.0,14,16,45400.0,14.6875,16.785714285714285,0.9264214046822743,1.0,0.9572320999519461,Medium,High
71,1,122.0,mercury,gas,turbo,two,hatchback,rwd,front,102.7,178.4,68.0,54.8,2910,ohc,four,140,mpfi,3.78,3.12,8.0,175.0,5000.0,19,24,16503.0,9.791666666666666,12.368421052631579,0.9163879598662207,0.9444444444444444,0.857280153772225,Medium,Low
72,2,161.0,mitsubishi,gas,std,two,hatchback,fwd,front,93.7,157.3,64.4,50.8,1918,ohc,four,92,2bbl,2.97,3.23,9.4,68.0,5500.0,37,41,5389.0,5.7317073170731705,6.351351351351352,0.8494983277591973,0.8944444444444445,0.7558865929841423,Low,Low
73,2,161.0,mitsubishi,gas,std,two,hatchback,fwd,front,93.7,157.3,64.4,50.8,1944,ohc,four,92,2bbl,2.97,3.23,9.4,68.0,5500.0,31,38,6189.0,6.184210526315789,7.580645161290323,0.8494983277591973,0.8944444444444445,0.7558865929841423,Low,Low
74,2,161.0,mitsubishi,gas,std,two,hatchback,fwd,front,93.7,157.3,64.4,50.8,2004,ohc,four,92,2bbl,2.97,3.23,9.4,68.0,5500.0,31,38,6669.0,6.184210526315789,7.580645161290323,0.8494983277591973,0.8944444444444445,0.7558865929841423,Low,Low
75,1,161.0,mitsubishi,gas,turbo,two,hatchback,fwd,front,93.0,157.3,63.8,50.8,2145,ohc,four,98,spdi,3.03,3.39,7.6,102.0,5500.0,24,30,7689.0,7.833333333333333,9.791666666666666,0.8494983277591973,0.8861111111111111,0.7558865929841423,Low,Low
76,3,153.0,mitsubishi,gas,turbo,two,hatchback,fwd,front,96.3,173.0,65.4,49.4,2370,ohc,four,110,spdi,3.17,3.46,7.5,116.0,5500.0,23,30,9959.0,7.833333333333333,10.217391304347826,0.8260869565217391,0.9083333333333334,0.8313310908217203,Low,Low
77,3,153.0,mitsubishi,gas,std,two,hatchback,fwd,front,96.3,173.0,65.4,49.4,2328,ohc,four,122,2bbl,3.35,3.46,8.5,88.0,5000.0,25,32,8499.0,7.34375,9.4,0.8260869565217391,0.9083333333333334,0.8313310908217203,Low,Low
78,3,122.0,mitsubishi,gas,turbo,two,hatchback,fwd,front,95.9,173.2,66.3,50.2,2833,ohc,four,156,spdi,3.58,3.86,7.0,145.0,5000.0,19,24,12629.0,9.791666666666666,12.368421052631579,0.8394648829431439,0.9208333333333333,0.8322921672272945,Medium,Low
79,3,122.0,mitsubishi,gas,turbo,two,hatchback,fwd,front,95.9,173.2,66.3,50.2,2921,ohc,four,156,spdi,3.59,3.86,7.0,145.0,5000.0,19,24,14869.0,9.791666666666666,12.368421052631579,0.8394648829431439,0.9208333333333333,0.8322921672272945,Medium,Low
80,3,122.0,mitsubishi,gas,turbo,two,hatchback,fwd,front,95.9,173.2,66.3,50.2,2926,ohc,four,156,spdi,3.59,3.86,7.0,145.0,5000.0,19,24,14489.0,9.791666666666666,12.368421052631579,0.8394648829431439,0.9208333333333333,0.8322921672272945,Medium,Low
81,1,125.0,mitsubishi,gas,std,four,sedan,fwd,front,96.3,172.4,65.4,51.6,2365,ohc,four,122,2bbl,3.35,3.46,8.5,88.0,5000.0,25,32,6989.0,7.34375,9.4,0.8628762541806021,0.9083333333333334,0.8284478616049976,Low,Low
82,1,125.0,mitsubishi,gas,std,four,sedan,fwd,front,96.3,172.4,65.4,51.6,2405,ohc,four,122,2bbl,3.35,3.46,8.5,88.0,5000.0,25,32,8189.0,7.34375,9.4,0.8628762541806021,0.9083333333333334,0.8284478616049976,Low,Low
83,1,125.0,mitsubishi,gas,turbo,four,sedan,fwd,front,96.3,172.4,65.4,51.6,2403,ohc,four,110,spdi,3.17,3.46,7.5,116.0,5500.0,23,30,9279.0,7.833333333333333,10.217391304347826,0.8628762541806021,0.9083333333333334,0.8284478616049976,Low,Low
84,-1,137.0,mitsubishi,gas,std,four,sedan,fwd,front,96.3,172.4,65.4,51.6,2403,ohc,four,110,spdi,3.17,3.46,7.5,116.0,5500.0,23,30,9279.0,7.833333333333333,10.217391304347826,0.8628762541806021,0.9083333333333334,0.8284478616049976,Low,Low
85,1,128.0,nissan,gas,std,two,sedan,fwd,front,94.5,165.3,63.8,54.5,1889,ohc,four,97,2bbl,3.15,3.29,9.4,69.0,5200.0,31,37,5499.0,6.351351351351352,7.580645161290323,0.911371237458194,0.8861111111111111,0.794329649207112,Low,Low
86,1,128.0,nissan,diesel,std,two,sedan,fwd,front,94.5,165.3,63.8,54.5,2017,ohc,four,103,idi,2.99,3.47,21.9,55.0,4800.0,45,50,7099.0,4.7,5.222222222222222,0.911371237458194,0.8861111111111111,0.794329649207112,Low,Low
87,1,128.0,nissan,gas,std,two,sedan,fwd,front,94.5,165.3,63.8,54.5,1918,ohc,four,97,2bbl,3.15,3.29,9.4,69.0,5200.0,31,37,6649.0,6.351351351351352,7.580645161290323,0.911371237458194,0.8861111111111111,0.794329649207112,Low,Low
88,1,122.0,nissan,gas,std,four,sedan,fwd,front,94.5,165.3,63.8,54.5,1938,ohc,four,97,2bbl,3.15,3.29,9.4,69.0,5200.0,31,37,6849.0,6.351351351351352,7.580645161290323,0.911371237458194,0.8861111111111111,0.794329649207112,Low,Low
89,1,103.0,nissan,gas,std,four,wagon,fwd,front,94.5,170.2,63.8,53.5,2024,ohc,four,97,2bbl,3.15,3.29,9.4,69.0,5200.0,31,37,7349.0,6.351351351351352,7.580645161290323,0.8946488294314382,0.8861111111111111,0.8178760211436809,Low,Low
90,1,128.0,nissan,gas,std,two,sedan,fwd,front,94.5,165.3,63.8,54.5,1951,ohc,four,97,2bbl,3.15,3.29,9.4,69.0,5200.0,31,37,7299.0,6.351351351351352,7.580645161290323,0.911371237458194,0.8861111111111111,0.794329649207112,Low,Low
91,1,128.0,nissan,gas,std,two,hatchback,fwd,front,94.5,165.6,63.8,53.3,2028,ohc,four,97,2bbl,3.15,3.29,9.4,69.0,5200.0,31,37,7799.0,6.351351351351352,7.580645161290323,0.8913043478260869,0.8861111111111111,0.7957712638154734,Low,Low
92,1,122.0,nissan,gas,std,four,sedan,fwd,front,94.5,165.3,63.8,54.5,1971,ohc,four,97,2bbl,3.15,3.29,9.4,69.0,5200.0,31,37,7499.0,6.351351351351352,7.580645161290323,0.911371237458194,0.8861111111111111,0.794329649207112,Low,Low
93,1,103.0,nissan,gas,std,four,wagon,fwd,front,94.5,170.2,63.8,53.5,2037,ohc,four,97,2bbl,3.15,3.29,9.4,69.0,5200.0,31,37,7999.0,6.351351351351352,7.580645161290323,0.8946488294314382,0.8861111111111111,0.8178760211436809,Low,Low
94,2,168.0,nissan,gas,std,two,hardtop,fwd,front,95.1,162.4,63.8,53.3,2008,ohc,four,97,2bbl,3.15,3.29,9.4,69.0,5200.0,31,37,8249.0,6.351351351351352,7.580645161290323,0.8913043478260869,0.8861111111111111,0.7803940413262855,Low,Low
95,0,106.0,nissan,gas,std,four,hatchback,fwd,front,97.2,173.4,65.2,54.7,2324,ohc,four,120,2bbl,3.33,3.47,8.5,97.0,5200.0,27,34,8949.0,6.911764705882353,8.703703703703704,0.9147157190635452,0.9055555555555556,0.8332532436328689,Low,Low
96,0,106.0,nissan,gas,std,four,sedan,fwd,front,97.2,173.4,65.2,54.7,2302,ohc,four,120,2bbl,3.33,3.47,8.5,97.0,5200.0,27,34,9549.0,6.911764705882353,8.703703703703704,0.9147157190635452,0.9055555555555556,0.8332532436328689,Low,Low
97,0,128.0,nissan,gas,std,four,sedan,fwd,front,100.4,181.7,66.5,55.1,3095,ohcv,six,181,mpfi,3.43,3.27,9.0,152.0,5200.0,17,22,13499.0,10.681818181818182,13.823529411764707,0.9214046822742475,0.9236111111111112,0.8731379144641999,Medium,Low
98,0,108.0,nissan,gas,std,four,wagon,fwd,front,100.4,184.6,66.5,56.1,3296,ohcv,six,181,mpfi,3.43,3.27,9.0,152.0,5200.0,17,22,14399.0,10.681818181818182,13.823529411764707,0.9381270903010034,0.9236111111111112,0.8870735223450265,Medium,Low
99,0,108.0,nissan,gas,std,four,sedan,fwd,front,100.4,184.6,66.5,55.1,3060,ohcv,six,181,mpfi,3.43,3.27,9.0,152.0,5200.0,19,25,13499.0,9.4,12.368421052631579,0.9214046822742475,0.9236111111111112,0.8870735223450265,Medium,Low
100,3,194.0,nissan,gas,std,two,hatchback,rwd,front,91.3,170.7,67.9,49.7,3071,ohcv,six,181,mpfi,3.43,3.27,9.0,160.0,5200.0,19,25,17199.0,9.4,12.368421052631579,0.831103678929766,0.9430555555555556,0.8202787121576165,Medium,Low
101,3,194.0,nissan,gas,turbo,two,hatchback,rwd,front,91.3,170.7,67.9,49.7,3139,ohcv,six,181,mpfi,3.43,3.27,7.8,200.0,5200.0,17,23,19699.0,10.217391304347826,13.823529411764707,0.831103678929766,0.9430555555555556,0.8202787121576165,High,Medium
102,1,231.0,nissan,gas,std,two,hatchback,rwd,front,99.2,178.5,67.9,49.7,3139,ohcv,six,181,mpfi,3.43,3.27,9.0,160.0,5200.0,19,25,18399.0,9.4,12.368421052631579,0.831103678929766,0.9430555555555556,0.857760691975012,Medium,Low
103,0,161.0,peugot,gas,std,four,sedan,rwd,front,107.9,186.7,68.4,56.7,3020,l,four,120,mpfi,3.46,3.19,8.4,97.0,5000.0,19,24,11900.0,9.791666666666666,12.368421052631579,0.948160535117057,0.9500000000000001,0.897164824603556,Low,Low
104,0,161.0,peugot,diesel,turbo,four,sedan,rwd,front,107.9,186.7,68.4,56.7,3197,l,four,152,idi,3.7,3.52,21.0,95.0,4150.0,28,33,13200.0,7.121212121212121,8.392857142857142,0.948160535117057,0.9500000000000001,0.897164824603556,Low,Low
105,0,122.0,peugot,gas,std,four,wagon,rwd,front,114.2,198.9,68.4,58.7,3230,l,four,120,mpfi,3.46,3.19,8.4,97.0,5000.0,19,24,12440.0,9.791666666666666,12.368421052631579,0.9816053511705687,0.9500000000000001,0.9557904853435849,Low,Low
106,0,122.0,peugot,diesel,turbo,four,wagon,rwd,front,114.2,198.9,68.4,58.7,3430,l,four,152,idi,3.7,3.52,21.0,95.0,4150.0,25,25,13860.0,9.4,9.4,0.9816053511705687,0.9500000000000001,0.9557904853435849,Low,Low
107,0,161.0,peugot,gas,std,four,sedan,rwd,front,107.9,186.7,68.4,56.7,3075,l,four,120,mpfi,3.46,2.19,8.4,95.0,5000.0,19,24,15580.0,9.791666666666666,12.368421052631579,0.948160535117057,0.9500000000000001,0.897164824603556,Low,Low
108,0,161.0,peugot,diesel,turbo,four,sedan,rwd,front,107.9,186.7,68.4,56.7,3252,l,four,152,idi,3.7,3.52,21.0,95.0,4150.0,28,33,16900.0,7.121212121212121,8.392857142857142,0.948160535117057,0.9500000000000001,0.897164824603556,Low,Low
109,0,122.0,peugot,gas,std,four,wagon,rwd,front,114.2,198.9,68.4,56.7,3285,l,four,120,mpfi,3.46,2.19,8.4,95.0,5000.0,19,24,16695.0,9.791666666666666,12.368421052631579,0.948160535117057,0.9500000000000001,0.9557904853435849,Low,Low
110,0,122.0,peugot,diesel,turbo,four,wagon,rwd,front,114.2,198.9,68.4,58.7,3485,l,four,152,idi,3.7,3.52,21.0,95.0,4150.0,25,25,17075.0,9.4,9.4,0.9816053511705687,0.9500000000000001,0.9557904853435849,Low,Low
111,0,161.0,peugot,gas,std,four,sedan,rwd,front,107.9,186.7,68.4,56.7,3075,l,four,120,mpfi,3.46,3.19,8.4,97.0,5000.0,19,24,16630.0,9.791666666666666,12.368421052631579,0.948160535117057,0.9500000000000001,0.897164824603556,Low,Low
112,0,161.0,peugot,diesel,turbo,four,sedan,rwd,front,107.9,186.7,68.4,56.7,3252,l,four,152,idi,3.7,3.52,21.0,95.0,4150.0,28,33,17950.0,7.121212121212121,8.392857142857142,0.948160535117057,0.9500000000000001,0.897164824603556,Low,Low
113,0,161.0,peugot,gas,turbo,four,sedan,rwd,front,108.0,186.7,68.3,56.0,3130,l,four,134,mpfi,3.61,3.21,7.0,142.0,5600.0,18,24,18150.0,9.791666666666666,13.055555555555555,0.9364548494983278,0.9486111111111111,0.897164824603556,Medium,Low
114,1,119.0,plymouth,gas,std,two,hatchback,fwd,front,93.7,157.3,63.8,50.8,1918,ohc,four,90,2bbl,2.97,3.23,9.4,68.0,5500.0,37,41,5572.0,5.7317073170731705,6.351351351351352,0.8494983277591973,0.8861111111111111,0.7558865929841423,Low,Low
115,1,119.0,plymouth,gas,turbo,two,hatchback,fwd,front,93.7,157.3,63.8,50.8,2128,ohc,four,98,spdi,3.03,3.39,7.6,102.0,5500.0,24,30,7957.0,7.833333333333333,9.791666666666666,0.8494983277591973,0.8861111111111111,0.7558865929841423,Low,Low
116,1,154.0,plymouth,gas,std,four,hatchback,fwd,front,93.7,157.3,63.8,50.6,1967,ohc,four,90,2bbl,2.97,3.23,9.4,68.0,5500.0,31,38,6229.0,6.184210526315789,7.580645161290323,0.8461538461538463,0.8861111111111111,0.7558865929841423,Low,Low
117,1,154.0,plymouth,gas,std,four,sedan,fwd,front,93.7,167.3,63.8,50.8,1989,ohc,four,90,2bbl,2.97,3.23,9.4,68.0,5500.0,31,38,6692.0,6.184210526315789,7.580645161290323,0.8494983277591973,0.8861111111111111,0.8039404132628545,Low,Low
118,1,154.0,plymouth,gas,std,four,sedan,fwd,front,93.7,167.3,63.8,50.8,2191,ohc,four,98,2bbl,2.97,3.23,9.4,68.0,5500.0,31,38,7609.0,6.184210526315789,7.580645161290323,0.8494983277591973,0.8861111111111111,0.8039404132628545,Low,Low
119,-1,74.0,plymouth,gas,std,four,wagon,fwd,front,103.3,174.6,64.6,59.8,2535,ohc,four,122,2bbl,3.35,3.46,8.5,88.0,5000.0,24,30,8921.0,7.833333333333333,9.791666666666666,1.0,0.8972222222222221,0.8390197020663143,Low,Low
120,3,122.0,plymouth,gas,turbo,two,hatchback,rwd,front,95.9,173.2,66.3,50.2,2818,ohc,four,156,spdi,3.59,3.86,7.0,145.0,5000.0,19,24,12764.0,9.791666666666666,12.368421052631579,0.8394648829431439,0.9208333333333333,0.8322921672272945,Medium,Low
121,3,186.0,porsche,gas,std,two,hatchback,rwd,front,94.5,168.9,68.3,50.2,2778,ohc,four,151,mpfi,3.94,3.11,9.5,143.0,5500.0,19,27,22018.0,8.703703703703704,12.368421052631579,0.8394648829431439,0.9486111111111111,0.8116290245074483,Medium,Medium
122,3,122.0,porsche,gas,std,two,hardtop,rwd,rear,89.5,168.9,65.0,51.6,2756,ohcf,six,194,mpfi,3.74,2.9,9.5,207.0,5900.0,17,25,32528.0,9.4,13.823529411764707,0.8628762541806021,0.9027777777777778,0.8116290245074483,High,High
123,3,122.0,porsche,gas,std,two,hardtop,rwd,rear,89.5,168.9,65.0,51.6,2756,ohcf,six,194,mpfi,3.74,2.9,9.5,207.0,5900.0,17,25,34028.0,9.4,13.823529411764707,0.8628762541806021,0.9027777777777778,0.8116290245074483,High,High
124,3,122.0,porsche,gas,std,two,convertible,rwd,rear,89.5,168.9,65.0,51.6,2800,ohcf,six,194,mpfi,3.74,2.9,9.5,207.0,5900.0,17,25,37028.0,9.4,13.823529411764707,0.8628762541806021,0.9027777777777778,0.8116290245074483,High,High
125,0,122.0,renault,gas,std,four,wagon,fwd,front,96.1,181.5,66.5,55.2,2579,ohc,four,132,mpfi,3.46,3.9,8.7,103.35858585858585,5118.181818181818,23,31,9295.0,7.580645161290323,10.217391304347826,0.9230769230769231,0.9236111111111112,0.8721768380586257,Low,Low
126,2,122.0,renault,gas,std,two,hatchback,fwd,front,96.1,176.8,66.6,50.5,2460,ohc,four,132,mpfi,3.46,3.9,8.7,103.35858585858585,5118.181818181818,23,31,9895.0,7.580645161290323,10.217391304347826,0.8444816053511706,0.9249999999999999,0.849591542527631,Low,Low
127,3,150.0,saab,gas,std,two,hatchback,fwd,front,99.1,186.6,66.5,56.1,2658,ohc,four,121,mpfi,3.54,3.07,9.31,110.0,5250.0,21,28,11850.0,8.392857142857142,11.19047619047619,0.9381270903010034,0.9236111111111112,0.8966842864007688,Low,Low
128,2,104.0,saab,gas,std,four,sedan,fwd,front,99.1,186.6,66.5,56.1,2695,ohc,four,121,mpfi,3.54,3.07,9.3,110.0,5250.0,21,28,12170.0,8.392857142857142,11.19047619047619,0.9381270903010034,0.9236111111111112,0.8966842864007688,Low,Low
129,3,150.0,saab,gas,std,two,hatchback,fwd,front,99.1,186.6,66.5,56.1,2707,ohc,four,121,mpfi,2.54,2.07,9.3,110.0,5250.0,21,28,15040.0,8.392857142857142,11.19047619047619,0.9381270903010034,0.9236111111111112,0.8966842864007688,Low,Low
130,2,104.0,saab,gas,std,four,sedan,fwd,front,99.1,186.6,66.5,56.1,2758,ohc,four,121,mpfi,3.54,3.07,9.3,110.0,5250.0,21,28,15510.0,8.392857142857142,11.19047619047619,0.9381270903010034,0.9236111111111112,0.8966842864007688,Low,Low
131,3,150.0,saab,gas,turbo,two,hatchback,fwd,front,99.1,186.6,66.5,56.1,2808,dohc,four,121,mpfi,3.54,3.07,9.0,160.0,5500.0,19,26,18150.0,9.038461538461538,12.368421052631579,0.9381270903010034,0.9236111111111112,0.8966842864007688,Medium,Low
132,2,104.0,saab,gas,turbo,four,sedan,fwd,front,99.1,186.6,66.5,56.1,2847,dohc,four,121,mpfi,3.54,3.07,9.0,160.0,5500.0,19,26,18620.0,9.038461538461538,12.368421052631579,0.9381270903010034,0.9236111111111112,0.8966842864007688,Medium,Medium
133,2,83.0,subaru,gas,std,two,hatchback,fwd,front,93.7,156.9,63.4,53.7,2050,ohcf,four,97,2bbl,3.62,2.36,9.0,69.0,4900.0,31,36,5118.0,6.527777777777778,7.580645161290323,0.8979933110367894,0.8805555555555555,0.7539644401729938,Low,
134,2,83.0,subaru,gas,std,two,hatchback,fwd,front,93.7,157.9,63.6,53.7,2120,ohcf,four,108,2bbl,3.62,2.64,8.7,73.0,4400.0,26,31,7053.0,7.580645161290323,9.038461538461538,0.8979933110367894,0.8833333333333333,0.758769822200865,Low,Low
135,2,83.0,subaru,gas,std,two,hatchback,4wd,front,93.3,157.3,63.8,55.7,2240,ohcf,four,108,2bbl,3.62,2.64,8.7,73.0,4400.0,26,31,7603.0,7.580645161290323,9.038461538461538,0.931438127090301,0.8861111111111111,0.7558865929841423,Low,Low
136,0,102.0,subaru,gas,std,four,sedan,fwd,front,97.2,172.0,65.4,52.5,2145,ohcf,four,108,2bbl,3.62,2.64,9.5,82.0,4800.0,32,37,7126.0,6.351351351351352,7.34375,0.8779264214046824,0.9083333333333334,0.8265257087938491,Low,Low
137,0,102.0,subaru,gas,std,four,sedan,fwd,front,97.2,172.0,65.4,52.5,2190,ohcf,four,108,2bbl,3.62,2.64,9.5,82.0,4400.0,28,33,7775.0,7.121212121212121,8.392857142857142,0.8779264214046824,0.9083333333333334,0.8265257087938491,Low,Low
138,0,102.0,subaru,gas,std,four,sedan,fwd,front,97.2,172.0,65.4,52.5,2340,ohcf,four,108,mpfi,3.62,2.64,9.0,94.0,5200.0,26,32,9960.0,7.34375,9.038461538461538,0.8779264214046824,0.9083333333333334,0.8265257087938491,Low,Low
139,0,102.0,subaru,gas,std,four,sedan,4wd,front,97.0,172.0,65.4,54.3,2385,ohcf,four,108,2bbl,3.62,2.64,9.0,82.0,4800.0,24,25,9233.0,9.4,9.791666666666666,0.9080267558528428,0.9083333333333334,0.8265257087938491,Low,Low
140,0,102.0,subaru,gas,turbo,four,sedan,4wd,front,97.0,172.0,65.4,54.3,2510,ohcf,four,108,mpfi,3.62,2.64,7.7,111.0,4800.0,24,29,11259.0,8.10344827586207,9.791666666666666,0.9080267558528428,0.9083333333333334,0.8265257087938491,Low,Low
141,0,89.0,subaru,gas,std,four,wagon,fwd,front,97.0,173.5,65.4,53.0,2290,ohcf,four,108,2bbl,3.62,2.64,9.0,82.0,4800.0,28,32,7463.0,7.34375,8.392857142857142,0.8862876254180603,0.9083333333333334,0.8337337818356559,Low,Low
142,0,89.0,subaru,gas,std,four,wagon,fwd,front,97.0,173.5,65.4,53.0,2455,ohcf,four,108,mpfi,3.62,2.64,9.0,94.0,5200.0,25,31,10198.0,7.580645161290323,9.4,0.8862876254180603,0.9083333333333334,0.8337337818356559,Low,Low
143,0,85.0,subaru,gas,std,four,wagon,4wd,front,96.9,173.6,65.4,54.9,2420,ohcf,four,108,2bbl,3.62,2.64,9.0,82.0,4800.0,23,29,8013.0,8.10344827586207,10.217391304347826,0.9180602006688964,0.9083333333333334,0.8342143200384431,Low,Low
144,0,85.0,subaru,gas,turbo,four,wagon,4wd,front,96.9,173.6,65.4,54.9,2650,ohcf,four,108,mpfi,3.62,2.64,7.7,111.0,4800.0,23,23,11694.0,10.217391304347826,10.217391304347826,0.9180602006688964,0.9083333333333334,0.8342143200384431,Low,Low
145,1,87.0,toyota,gas,std,two,hatchback,fwd,front,95.7,158.7,63.6,54.5,1985,ohc,four,92,2bbl,3.05,3.03,9.0,62.0,4800.0,35,39,5348.0,6.0256410256410255,6.714285714285714,0.911371237458194,0.8833333333333333,0.762614127823162,Low,Low
146,1,87.0,toyota,gas,std,two,hatchback,fwd,front,95.7,158.7,63.6,54.5,2040,ohc,four,92,2bbl,3.05,3.03,9.0,62.0,4800.0,31,38,6338.0,6.184210526315789,7.580645161290323,0.911371237458194,0.8833333333333333,0.762614127823162,Low,Low
147,1,74.0,toyota,gas,std,four,hatchback,fwd,front,95.7,158.7,63.6,54.5,2015,ohc,four,92,2bbl,3.05,3.03,9.0,62.0,4800.0,31,38,6488.0,6.184210526315789,7.580645161290323,0.911371237458194,0.8833333333333333,0.762614127823162,Low,Low
148,0,77.0,toyota,gas,std,four,wagon,fwd,front,95.7,169.7,63.6,59.1,2280,ohc,four,92,2bbl,3.05,3.03,9.0,62.0,4800.0,31,37,6918.0,6.351351351351352,7.580645161290323,0.988294314381271,0.8833333333333333,0.8154733301297453,Low,Low
149,0,81.0,toyota,gas,std,four,wagon,4wd,front,95.7,169.7,63.6,59.1,2290,ohc,four,92,2bbl,3.05,3.03,9.0,62.0,4800.0,27,32,7898.0,7.34375,8.703703703703704,0.988294314381271,0.8833333333333333,0.8154733301297453,Low,Low
150,0,91.0,toyota,gas,std,four,wagon,4wd,front,95.7,169.7,63.6,59.1,3110,ohc,four,92,2bbl,3.05,3.03,9.0,62.0,4800.0,27,32,8778.0,7.34375,8.703703703703704,0.988294314381271,0.8833333333333333,0.8154733301297453,Low,Low
151,0,91.0,toyota,gas,std,four,sedan,fwd,front,95.7,166.3,64.4,53.0,2081,ohc,four,98,2bbl,3.19,3.03,9.0,70.0,4800.0,30,37,6938.0,6.351351351351352,7.833333333333333,0.8862876254180603,0.8944444444444445,0.7991350312349833,Low,Low
152,0,91.0,toyota,gas,std,four,hatchback,fwd,front,95.7,166.3,64.4,52.8,2109,ohc,four,98,2bbl,3.19,3.03,9.0,70.0,4800.0,30,37,7198.0,6.351351351351352,7.833333333333333,0.882943143812709,0.8944444444444445,0.7991350312349833,Low,Low
153,0,91.0,toyota,diesel,std,four,sedan,fwd,front,95.7,166.3,64.4,53.0,2275,ohc,four,110,idi,3.27,3.35,22.5,56.0,4500.0,34,36,7898.0,6.527777777777778,6.911764705882353,0.8862876254180603,0.8944444444444445,0.7991350312349833,Low,Low
154,0,91.0,toyota,diesel,std,four,hatchback,fwd,front,95.7,166.3,64.4,52.8,2275,ohc,four,110,idi,3.27,3.35,22.5,56.0,4500.0,38,47,7788.0,5.0,6.184210526315789,0.882943143812709,0.8944444444444445,0.7991350312349833,Low,Low
155,0,91.0,toyota,gas,std,four,sedan,fwd,front,95.7,166.3,64.4,53.0,2094,ohc,four,98,2bbl,3.19,3.03,9.0,70.0,4800.0,38,47,7738.0,5.0,6.184210526315789,0.8862876254180603,0.8944444444444445,0.7991350312349833,Low,Low
156,0,91.0,toyota,gas,std,four,hatchback,fwd,front,95.7,166.3,64.4,52.8,2122,ohc,four,98,2bbl,3.19,3.03,9.0,70.0,4800.0,28,34,8358.0,6.911764705882353,8.392857142857142,0.882943143812709,0.8944444444444445,0.7991350312349833,Low,Low
157,0,91.0,toyota,gas,std,four,sedan,fwd,front,95.7,166.3,64.4,52.8,2140,ohc,four,98,2bbl,3.19,3.03,9.0,70.0,4800.0,28,34,9258.0,6.911764705882353,8.392857142857142,0.882943143812709,0.8944444444444445,0.7991350312349833,Low,Low
158,1,168.0,toyota,gas,std,two,sedan,rwd,front,94.5,168.7,64.0,52.6,2169,ohc,four,98,2bbl,3.19,3.03,9.0,70.0,4800.0,29,34,8058.0,6.911764705882353,8.10344827586207,0.8795986622073579,0.8888888888888888,0.810667948101874,Low,Low
159,1,168.0,toyota,gas,std,two,hatchback,rwd,front,94.5,168.7,64.0,52.6,2204,ohc,four,98,2bbl,3.19,3.03,9.0,70.0,4800.0,29,34,8238.0,6.911764705882353,8.10344827586207,0.8795986622073579,0.8888888888888888,0.810667948101874,Low,Low
160,1,168.0,toyota,gas,std,two,sedan,rwd,front,94.5,168.7,64.0,52.6,2265,dohc,four,98,mpfi,3.24,3.08,9.4,112.0,6600.0,26,29,9298.0,8.10344827586207,9.038461538461538,0.8795986622073579,0.8888888888888888,0.810667948101874,Low,Low
161,1,168.0,toyota,gas,std,two,hatchback,rwd,front,94.5,168.7,64.0,52.6,2300,dohc,four,98,mpfi,3.24,3.08,9.4,112.0,6600.0,26,29,9538.0,8.10344827586207,9.038461538461538,0.8795986622073579,0.8888888888888888,0.810667948101874,Low,Low
162,2,134.0,toyota,gas,std,two,hardtop,rwd,front,98.4,176.2,65.6,52.0,2540,ohc,four,146,mpfi,3.62,3.5,9.3,116.0,4800.0,24,30,8449.0,7.833333333333333,9.791666666666666,0.8695652173913044,0.911111111111111,0.8467083133109082,Low,Low
163,2,134.0,toyota,gas,std,two,hardtop,rwd,front,98.4,176.2,65.6,52.0,2536,ohc,four,146,mpfi,3.62,3.5,9.3,116.0,4800.0,24,30,9639.0,7.833333333333333,9.791666666666666,0.8695652173913044,0.911111111111111,0.8467083133109082,Low,Low
164,2,134.0,toyota,gas,std,two,hatchback,rwd,front,98.4,176.2,65.6,52.0,2551,ohc,four,146,mpfi,3.62,3.5,9.3,116.0,4800.0,24,30,9989.0,7.833333333333333,9.791666666666666,0.8695652173913044,0.911111111111111,0.8467083133109082,Low,Low
165,2,134.0,toyota,gas,std,two,hardtop,rwd,front,98.4,176.2,65.6,52.0,2679,ohc,four,146,mpfi,3.62,3.5,9.3,116.0,4800.0,24,30,11199.0,7.833333333333333,9.791666666666666,0.8695652173913044,0.911111111111111,0.8467083133109082,Low,Low
166,2,134.0,toyota,gas,std,two,hatchback,rwd,front,98.4,176.2,65.6,52.0,2714,ohc,four,146,mpfi,3.62,3.5,9.3,116.0,4800.0,24,30,11549.0,7.833333333333333,9.791666666666666,0.8695652173913044,0.911111111111111,0.8467083133109082,Low,Low
167,2,134.0,toyota,gas,std,two,convertible,rwd,front,98.4,176.2,65.6,53.0,2975,ohc,four,146,mpfi,3.62,3.5,9.3,116.0,4800.0,24,30,17669.0,7.833333333333333,9.791666666666666,0.8862876254180603,0.911111111111111,0.8467083133109082,Low,Low
168,-1,65.0,toyota,gas,std,four,sedan,fwd,front,102.4,175.6,66.5,54.9,2326,ohc,four,122,mpfi,3.31,3.54,8.7,92.0,4200.0,29,34,8948.0,6.911764705882353,8.10344827586207,0.9180602006688964,0.9236111111111112,0.8438250840941854,Low,Low
169,-1,65.0,toyota,diesel,turbo,four,sedan,fwd,front,102.4,175.6,66.5,54.9,2480,ohc,four,110,idi,3.27,3.35,22.5,73.0,4500.0,30,33,10698.0,7.121212121212121,7.833333333333333,0.9180602006688964,0.9236111111111112,0.8438250840941854,Low,Low
170,-1,65.0,toyota,gas,std,four,hatchback,fwd,front,102.4,175.6,66.5,53.9,2414,ohc,four,122,mpfi,3.31,3.54,8.7,92.0,4200.0,27,32,9988.0,7.34375,8.703703703703704,0.9013377926421405,0.9236111111111112,0.8438250840941854,Low,Low
171,-1,65.0,toyota,gas,std,four,sedan,fwd,front,102.4,175.6,66.5,54.9,2414,ohc,four,122,mpfi,3.31,3.54,8.7,92.0,4200.0,27,32,10898.0,7.34375,8.703703703703704,0.9180602006688964,0.9236111111111112,0.8438250840941854,Low,Low
172,-1,65.0,toyota,gas,std,four,hatchback,fwd,front,102.4,175.6,66.5,53.9,2458,ohc,four,122,mpfi,3.31,3.54,8.7,92.0,4200.0,27,32,11248.0,7.34375,8.703703703703704,0.9013377926421405,0.9236111111111112,0.8438250840941854,Low,Low
173,3,197.0,toyota,gas,std,two,hatchback,rwd,front,102.9,183.5,67.7,52.0,2976,dohc,six,171,mpfi,3.27,3.35,9.3,161.0,5200.0,20,24,16558.0,9.791666666666666,11.75,0.8695652173913044,0.9402777777777778,0.8817876021143681,Medium,Low
174,3,197.0,toyota,gas,std,two,hatchback,rwd,front,102.9,183.5,67.7,52.0,3016,dohc,six,171,mpfi,3.27,3.35,9.3,161.0,5200.0,19,24,15998.0,9.791666666666666,12.368421052631579,0.8695652173913044,0.9402777777777778,0.8817876021143681,Medium,Low
175,-1,90.0,toyota,gas,std,four,sedan,rwd,front,104.5,187.8,66.5,54.1,3131,dohc,six,171,mpfi,3.27,3.35,9.2,156.0,5200.0,20,24,15690.0,9.791666666666666,11.75,0.9046822742474917,0.9236111111111112,0.9024507448342144,Medium,Low
176,-1,122.0,toyota,gas,std,four,wagon,rwd,front,104.5,187.8,66.5,54.1,3151,dohc,six,161,mpfi,3.27,3.35,9.2,156.0,5200.0,19,24,15750.0,9.791666666666666,12.368421052631579,0.9046822742474917,0.9236111111111112,0.9024507448342144,Medium,Low
177,2,122.0,volkswagen,diesel,std,two,sedan,fwd,front,97.3,171.7,65.5,55.7,2261,ohc,four,97,idi,3.01,3.4,23.0,52.0,4800.0,37,46,7775.0,5.108695652173913,6.351351351351352,0.931438127090301,0.9097222222222222,0.8250840941854877,Low,Low
178,2,122.0,volkswagen,gas,std,two,sedan,fwd,front,97.3,171.7,65.5,55.7,2209,ohc,four,109,mpfi,3.19,3.4,9.0,85.0,5250.0,27,34,7975.0,6.911764705882353,8.703703703703704,0.931438127090301,0.9097222222222222,0.8250840941854877,Low,Low
179,2,94.0,volkswagen,diesel,std,four,sedan,fwd,front,97.3,171.7,65.5,55.7,2264,ohc,four,97,idi,3.01,3.4,23.0,52.0,4800.0,37,46,7995.0,5.108695652173913,6.351351351351352,0.931438127090301,0.9097222222222222,0.8250840941854877,Low,Low
180,2,94.0,volkswagen,gas,std,four,sedan,fwd,front,97.3,171.7,65.5,55.7,2212,ohc,four,109,mpfi,3.19,3.4,9.0,85.0,5250.0,27,34,8195.0,6.911764705882353,8.703703703703704,0.931438127090301,0.9097222222222222,0.8250840941854877,Low,Low
181,2,94.0,volkswagen,gas,std,four,sedan,fwd,front,97.3,171.7,65.5,55.7,2275,ohc,four,109,mpfi,3.19,3.4,9.0,85.0,5250.0,27,34,8495.0,6.911764705882353,8.703703703703704,0.931438127090301,0.9097222222222222,0.8250840941854877,Low,Low
182,2,94.0,volkswagen,diesel,turbo,four,sedan,fwd,front,97.3,171.7,65.5,55.7,2319,ohc,four,97,idi,3.01,3.4,23.0,68.0,4500.0,37,42,9495.0,5.595238095238095,6.351351351351352,0.931438127090301,0.9097222222222222,0.8250840941854877,Low,Low
183,2,94.0,volkswagen,gas,std,four,sedan,fwd,front,97.3,171.7,65.5,55.7,2300,ohc,four,109,mpfi,3.19,3.4,10.0,100.0,5500.0,26,32,9995.0,7.34375,9.038461538461538,0.931438127090301,0.9097222222222222,0.8250840941854877,Low,Low
184,3,122.0,volkswagen,gas,std,two,convertible,fwd,front,94.5,159.3,64.2,55.6,2254,ohc,four,109,mpfi,3.19,3.4,8.5,90.0,5500.0,24,29,11595.0,8.10344827586207,9.791666666666666,0.9297658862876255,0.8916666666666667,0.7654973570398848,Low,Low
185,3,256.0,volkswagen,gas,std,two,hatchback,fwd,front,94.5,165.7,64.0,51.4,2221,ohc,four,109,mpfi,3.19,3.4,8.5,90.0,5500.0,24,29,9980.0,8.10344827586207,9.791666666666666,0.8595317725752508,0.8888888888888888,0.7962518020182604,Low,Low
186,0,122.0,volkswagen,gas,std,four,sedan,fwd,front,100.4,180.2,66.9,55.1,2661,ohc,five,136,mpfi,3.19,3.4,8.5,110.0,5500.0,19,24,13295.0,9.791666666666666,12.368421052631579,0.9214046822742475,0.9291666666666667,0.865929841422393,Low,Low
187,0,122.0,volkswagen,diesel,turbo,four,sedan,fwd,front,100.4,180.2,66.9,55.1,2579,ohc,four,97,idi,3.01,3.4,23.0,68.0,4500.0,33,38,13845.0,6.184210526315789,7.121212121212121,0.9214046822742475,0.9291666666666667,0.865929841422393,Low,Low
188,0,122.0,volkswagen,gas,std,four,wagon,fwd,front,100.4,183.1,66.9,55.1,2563,ohc,four,109,mpfi,3.19,3.4,9.0,88.0,5500.0,25,31,12290.0,7.580645161290323,9.4,0.9214046822742475,0.9291666666666667,0.8798654493032196,Low,Low
189,-2,103.0,volvo,gas,std,four,sedan,rwd,front,104.3,188.8,67.2,56.2,2912,ohc,four,141,mpfi,3.78,3.15,9.5,114.0,5400.0,23,28,12940.0,8.392857142857142,10.217391304347826,0.939799331103679,0.9333333333333333,0.9072561268620856,Low,Low
190,-1,74.0,volvo,gas,std,four,wagon,rwd,front,104.3,188.8,67.2,57.5,3034,ohc,four,141,mpfi,3.78,3.15,9.5,114.0,5400.0,23,28,13415.0,8.392857142857142,10.217391304347826,0.9615384615384616,0.9333333333333333,0.9072561268620856,Low,Low
191,-2,103.0,volvo,gas,std,four,sedan,rwd,front,104.3,188.8,67.2,56.2,2935,ohc,four,141,mpfi,3.78,3.15,9.5,114.0,5400.0,24,28,15985.0,8.392857142857142,9.791666666666666,0.939799331103679,0.9333333333333333,0.9072561268620856,Low,Low
192,-1,74.0,volvo,gas,std,four,wagon,rwd,front,104.3,188.8,67.2,57.5,3042,ohc,four,141,mpfi,3.78,3.15,9.5,114.0,5400.0,24,28,16515.0,8.392857142857142,9.791666666666666,0.9615384615384616,0.9333333333333333,0.9072561268620856,Low,Low
193,-2,103.0,volvo,gas,turbo,four,sedan,rwd,front,104.3,188.8,67.2,56.2,3045,ohc,four,130,mpfi,3.62,3.15,7.5,162.0,5100.0,17,22,18420.0,10.681818181818182,13.823529411764707,0.939799331103679,0.9333333333333333,0.9072561268620856,Medium,Low
194,-1,74.0,volvo,gas,turbo,four,wagon,rwd,front,104.3,188.8,67.2,57.5,3157,ohc,four,130,mpfi,3.62,3.15,7.5,162.0,5100.0,17,22,18950.0,10.681818181818182,13.823529411764707,0.9615384615384616,0.9333333333333333,0.9072561268620856,Medium,Medium
195,-1,95.0,volvo,gas,std,four,sedan,rwd,front,109.1,188.8,68.9,55.5,2952,ohc,four,141,mpfi,3.78,3.15,9.5,114.0,5400.0,23,28,16845.0,8.392857142857142,10.217391304347826,0.9280936454849499,0.9569444444444445,0.9072561268620856,Low,Low
196,-1,95.0,volvo,gas,turbo,four,sedan,rwd,front,109.1,188.8,68.8,55.5,3049,ohc,four,141,mpfi,3.78,3.15,8.7,160.0,5300.0,19,25,19045.0,9.4,12.368421052631579,0.9280936454849499,0.9555555555555555,0.9072561268620856,Medium,Medium
197,-1,95.0,volvo,gas,std,four,sedan,rwd,front,109.1,188.8,68.9,55.5,3012,ohcv,six,173,mpfi,3.58,2.87,8.8,134.0,5500.0,18,23,21485.0,10.217391304347826,13.055555555555555,0.9280936454849499,0.9569444444444445,0.9072561268620856,Medium,Medium
198,-1,95.0,volvo,diesel,turbo,four,sedan,rwd,front,109.1,188.8,68.9,55.5,3217,ohc,six,145,idi,3.01,3.4,23.0,106.0,4800.0,26,27,22470.0,8.703703703703704,9.038461538461538,0.9280936454849499,0.9569444444444445,0.9072561268620856,Low,Medium
199,-1,95.0,volvo,gas,turbo,four,sedan,rwd,front,109.1,188.8,68.9,55.5,3062,ohc,four,141,mpfi,3.78,3.15,9.5,114.0,5400.0,19,25,22625.0,9.4,12.368421052631579,0.9280936454849499,0.9569444444444445,0.9072561268620856,Low,Medium
